{"superuser.tsv": {"density": 3.793962802812535e-05, "count_comps": 3197, "avg": 0.11913580396187416, "assort": -0.09355372139167964, "snow": {"radius": 6.0, "diameter": 9.0, "perc90": 4.0}, "not_snow": {"radius": 7.0, "diameter": 10.666666666666666, "perc90": 5.0}, "vertices": 194085, "edges": 714570, "percentage": 0.9747842440167968}, "digg.tsv": {"density": 3.9597733445847886e-05, "count_comps": 6863, "snow": {"radius": 9.0, "diameter": 11.333333333333334, "perc90": 4.0}, "not_snow": {"radius": 10.0, "diameter": 15.0, "perc90": 6.0}, "avg": 0.09685343001219744, "assort": -0.055709574494070574, "vertices": 279630, "edges": 1548126, "percentage": 0.9351249865894218}, "bitcoinalpha.tsv": {"density": 0.001913160618918964, "count_comps": 7, "snow": {"radius": 6.0, "diameter": 7.333333333333333, "perc90": 4.0}, "not_snow": {"radius": 6.0, "diameter": 10.0, "perc90": 5.0}, "avg": 0.16766891364797273, "assort": -0.15388430710066606, "vertices": 3683, "edges": 12972, "percentage": 0.9964702688026066}, "askubuntu.tsv": {"density": 3.590743517701151e-05, "count_comps": 4250, "avg": 0.1141079908055676, "assort": -0.15579227340768428, "snow": {"radius": 7.0, "diameter": 9.0, "perc90": 4.0}, "not_snow": {"radius": 7.0, "diameter": 11.0, "perc90": 5.0}, "vertices": 159316, "edges": 455691, "percentage": 0.9578385096286626}}