NumVerts     ,NumEdges      ,GrDens  ,NumComp    ,MC_ShareVerts ,MC_NumVerts  ,MC_NumEdges   ,MC_GrDens ,MC_Rad   ,MC_RS_Rad ,MC_SS_Rad ,MC_Diam  ,MC_RS_Diam ,MC_SS_Diam ,MC_90P   ,MC_RS_90P ,MC_SS_90P ,MC_CC    ,MC_RS_CC ,MC_SS_CC ,MC_PC
279374.00000 ,1546540.00000 ,0.00004 ,6880.00000 ,      0.93493 ,261194.00000 ,1534968.00000 ,  0.00004 ,-1.00000 , 10.00000 , 10.00000 ,-1.00000 ,  14.00000 ,  15.00000 ,-1.00000 ,  6.00000 ,  6.00000 ,-1.00000 , 0.09046 , 0.10235 ,-0.05712
