NumVerts,NumEdges,GrDens,NumComp,MC_ShareVerts,MC_NumVerts,MC_NumEdges,MC_GrDens,MC_Rad,MC_RS_Rad,MC_SS_Rad,MC_Diam,MC_RS_Diam,MC_SS_Diam,MC_90P,MC_RS_90P,MC_SS_90P,MC_CC,MC_RS_CC,MC_SS_CC,MC_PC
325729.00000,1090108.00000,0.00002,1.00000,1.00000,325729.00000,1090108.00000,0.00002,-1.00000,24.00000,24.00000,-1.00000,38.00000,40.00000,-1.00000,10.00000,10.00000,-1.00000,0.23530,0.23249,-0.05344
